Timestamp,User Count,Type,Name,Requests/s,Failures/s,50%,66%,75%,80%,90%,95%,98%,99%,99.9%,99.99%,100%,Total Request Count,Total Failure Count,Total Median Response Time,Total Average Response Time,Total Min Response Time,Total Max Response Time,Total Average Content Size
1787087947,0,,Aggregated,0.000000,0.000000,N/A,N/A,N/A,N/A,N/A,N/A,N/A,N/A,N/A,N/A,N/A,0,0,0,0.0,0,0,0
1787087948,10,,Aggregated,0.000000,0.000000,110,150,190,200,200,200,200,200,200,200,200,10,0,85,108.71997000140254,28.423100004147273,202.34390000405256,332.4
1787087949,20,,Aggregated,0.000000,0.000000,69,110,120,130,190,200,200,200,200,200,200,26,0,68,83.72695384633306,8.548300000256859,202.34390000405256,957.7692307692307
1787087950,30,,Aggregated,0.000000,0.000000,58,90,120,130,180,200,220,230,230,230,230,51,0,58,80.29549411802174,7.539600002928637,228.70140000304673,1714.8431372549019
1787087951,40,,Aggregated,5.000000,0.000000,53,90,110,130,160,190,220,230,230,230,230,81,0,53,74.48436049377995,7.539600002928637,228.70140000304673,2626.5308641975307
1787087952,50,,Aggregated,9.333333,0.000000,68,110,140,150,200,210,240,250,300,300,300,125,0,68,86.01258080010302,7.539600002928637,300.6926999951247,2900.912
1787087953,60,,Aggregated,14.750000,0.000000,77,120,150,180,220,300,330,400,400,400,400,174,0,77,103.04707988534469,7.539600002928637,401.8992000055732,2611.4137931034484
1787087954,70,,Aggregated,19.400000,0.000000,86,150,200,220,300,370,420,470,510,510,510,234,0,85,126.4284158121291,6.993499999225605,512.832399996114,2811.880341880342
1787087955,80,,Aggregated,23.333333,0.000000,91,160,210,250,330,400,430,470,510,510,510,299,0,91,134.75189699024259,6.993499999225605,512.832399996114,2787.0
1787087956,90,,Aggregated,26.714286,0.000000,90,180,240,270,330,400,420,450,510,510,510,368,0,86,139.24524782631758,6.993499999225605,512.832399996114,2795.1603260869565
1787087957,100,,Aggregated,31.375000,0.000000,95,190,250,300,390,470,570,620,740,740,740,440,0,94,156.83808340932458,6.993499999225605,739.5801000020583,2804.086363636364
1787087958,100,,Aggregated,35.222222,0.000000,94,200,280,330,510,660,710,720,760,760,760,515,0,94,183.52869087397866,6.993499999225605,758.3096999951522,2779.6485436893204
1787087959,100,,Aggregated,38.500000,0.000000,95,220,310,380,600,670,710,720,790,790,790,586,0,95,200.38275119469654,6.993499999225605,787.0136999990791,2795.759385665529
1787087960,100,,Aggregated,46.200000,0.000000,95,240,340,460,610,670,700,720,790,790,790,660,0,95,212.6503598486703,6.993499999225605,787.0136999990791,2796.8939393939395
1787087961,100,,Aggregated,52.400000,0.000000,98,260,400,520,610,660,710,720,790,790,790,744,0,98,222.13145833345436,6.993499999225605,787.0136999990791,2815.8776881720432
1787087962,100,,Aggregated,58.400000,0.000000,100,270,450,520,610,660,700,720,790,790,790,819,0,100,227.82950793661146,6.993499999225605,787.0136999990791,2788.4151404151403
1787087963,100,,Aggregated,62.500000,0.000000,100,300,470,520,610,660,690,720,790,790,790,900,0,99,230.7074154445662,6.993499999225605,787.0136999990791,2845.6433333333334
1787087964,100,,Aggregated,66.600000,0.000000,100,310,460,520,610,650,690,720,790,790,790,979,0,100,230.48792900931102,6.993499999225605,787.0136999990791,2819.2216547497446
1787087965,100,,Aggregated,70.100000,0.000000,110,320,450,510,600,650,690,720,760,790,790,1063,0,110,230.88431768588472,6.993499999225605,787.0136999990791,2830.2699905926625
1787087966,100,,Aggregated,73.500000,0.000000,110,330,460,510,600,650,690,720,760,790,790,1139,0,110,234.41352730475776,6.993499999225605,787.0136999990791,2799.01580333626
1787087967,100,,Aggregated,74.700000,0.000000,110,350,480,520,610,660,720,750,830,840,840,1213,0,110,241.70687600999133,6.993499999225605,837.112100001832,2791.2918384171476
1787087968,100,,Aggregated,76.600000,0.000000,110,380,490,540,620,670,720,750,830,840,840,1288,0,110,247.1527442547605,6.993499999225605,837.112100001832,2820.2158385093167
1787087969,100,,Aggregated,77.100000,0.000000,110,380,490,540,630,670,720,750,830,840,840,1378,0,100,248.23601785202723,6.993499999225605,837.112100001832,2853.3606676342524
1787087970,100,,Aggregated,76.500000,0.000000,100,350,480,530,620,670,720,740,830,840,840,1461,0,100,242.70502299800125,6.993499999225605,837.112100001832,2881.4229979466118
1787087971,100,,Aggregated,77.100000,0.000000,100,350,460,520,620,670,720,740,830,840,840,1539,0,100,240.7549646524479,6.993499999225605,837.112100001832,2896.074723846654
1787087972,100,,Aggregated,78.400000,0.000000,100,340,450,510,610,670,710,740,830,840,840,1626,0,100,237.8598361624477,6.993499999225605,837.112100001832,2918.49938499385
1787087973,100,,Aggregated,79.400000,0.000000,99,330,440,500,610,660,710,740,830,840,840,1714,0,99,234.6020861727574,6.993499999225605,837.112100001832,2902.830805134189
1787087974,100,,Aggregated,79.400000,0.000000,99,330,430,490,600,660,710,740,830,840,840,1791,0,99,232.2478420994168,6.993499999225605,837.112100001832,2905.684533780011
1787087975,100,,Aggregated,80.100000,0.000000,100,330,430,480,600,660,710,730,830,840,840,1872,0,100,231.95929188035439,6.587199997738935,837.112100001832,2902.542735042735
1787087976,100,,Aggregated,80.500000,0.000000,100,340,430,480,600,660,710,730,830,840,840,1945,0,100,234.79429686376628,6.587199997738935,837.112100001832,2880.0251928020566
1787087977,100,,Aggregated,80.600000,0.000000,110,340,440,490,600,660,710,730,800,840,840,2024,0,100,235.91606126483958,6.5557999987504445,837.112100001832,2880.3937747035575
1787087978,100,,Aggregated,79.800000,0.000000,100,350,440,490,590,650,710,730,800,840,840,2103,0,100,236.70359714693734,6.5557999987504445,837.112100001832,2852.8944365192583
1787087979,100,,Aggregated,80.200000,0.000000,110,360,440,480,590,650,700,730,800,840,840,2185,0,110,237.4238291991013,6.5557999987504445,837.112100001832,2837.46590389016
1787087980,100,,Aggregated,81.100000,0.000000,110,360,440,490,590,650,700,720,800,840,840,2263,0,110,238.34119416703945,6.5557999987504445,837.112100001832,2832.0088378258947
1787087981,100,,Aggregated,81.100000,0.000000,110,360,440,480,580,640,700,720,800,840,840,2346,0,110,237.6169446291859,6.5557999987504445,837.112100001832,2833.467178175618
1787087982,100,,Aggregated,79.600000,0.000000,110,370,440,480,580,640,700,720,800,840,840,2425,0,110,238.41468878353544,6.5557999987504445,837.112100001832,2831.3703092783503
1787087983,100,,Aggregated,79.400000,0.000000,110,370,440,480,580,640,700,720,800,840,840,2507,0,110,237.15498695656478,6.5557999987504445,837.112100001832,2853.3155165536496
1787087984,100,,Aggregated,79.900000,0.000000,100,370,440,480,580,640,700,720,800,840,840,2591,0,100,236.68328251641924,6.5557999987504445,837.112100001832,2867.812427634118
1787087985,100,,Aggregated,79.400000,0.000000,110,370,440,480,570,640,700,720,800,840,840,2664,0,110,237.59399515767802,6.5557999987504445,837.112100001832,2859.7672672672675
1787087986,100,,Aggregated,79.500000,0.000000,110,370,440,480,580,640,690,720,800,840,840,2739,0,110,238.32886436657773,6.5557999987504445,837.112100001832,2853.909090909091
1787087987,100,,Aggregated,80.100000,0.000000,110,370,450,490,580,640,700,730,800,840,840,2823,0,110,240.514575735051,6.5557999987504445,837.112100001832,2864.0024796315975
1787087988,100,,Aggregated,79.300000,0.000000,110,370,440,480,580,640,700,720,800,840,840,2903,0,110,239.55681112644123,6.5557999987504445,837.112100001832,2853.5425421977266
1787087989,100,,Aggregated,79.300000,0.000000,110,370,440,490,580,640,700,720,800,840,840,2985,0,110,240.78116361811837,6.5557999987504445,837.112100001832,2838.705862646566
1787087990,100,,Aggregated,79.600000,0.000000,110,380,450,490,580,640,700,720,800,840,840,3059,0,110,242.52836109843082,6.5557999987504445,837.112100001832,2825.4132069303696
1787087991,100,,Aggregated,79.700000,0.000000,110,380,450,490,580,640,700,720,800,840,840,3146,0,110,242.7537739669711,6.5557999987504445,837.112100001832,2829.724729815639
1787087992,100,,Aggregated,80.000000,0.000000,110,380,450,490,580,630,700,720,800,840,840,3238,0,110,241.0809371217076,6.5557999987504445,837.112100001832,2844.709388511427
1787087993,100,,Aggregated,80.000000,0.000000,100,370,440,480,570,630,690,720,800,840,840,3316,0,100,238.11951507844813,6.5557999987504445,837.112100001832,2852.3006634499397
1787087994,100,,Aggregated,79.900000,0.000000,100,370,440,480,570,630,690,720,800,840,840,3403,0,100,237.0907375551362,6.5557999987504445,837.112100001832,2861.154275639142
1787087995,100,,Aggregated,80.800000,0.000000,100,370,440,480,570,630,690,720,800,840,840,3483,0,100,236.96750442151657,6.5557999987504445,837.112100001832,2855.507321274763
1787087996,100,,Aggregated,80.000000,0.000000,100,360,440,480,570,630,690,720,800,840,840,3564,0,100,235.28396150396526,6.5557999987504445,837.112100001832,2849.216891133558
1787087997,100,,Aggregated,80.600000,0.000000,100,370,440,480,570,630,690,720,800,840,840,3642,0,100,236.4452546403463,6.5557999987504445,837.112100001832,2858.5593080724875
1787087998,100,,Aggregated,81.700000,0.000000,100,370,440,480,570,630,690,720,800,840,840,3726,0,100,236.59768392382233,6.5557999987504445,837.112100001832,2858.348094471283
1787087999,100,,Aggregated,81.400000,0.000000,100,370,440,480,570,630,690,720,800,840,840,3803,0,100,236.23273302660434,6.5557999987504445,837.112100001832,2850.4475414146727
1787088000,100,,Aggregated,81.300000,0.000000,110,370,440,480,570,630,690,720,800,840,840,3878,0,110,237.495858612741,6.5557999987504445,837.112100001832,2841.5389375966993
1787088001,100,,Aggregated,81.700000,0.000000,110,370,450,480,570,630,690,720,830,900,900,3951,0,110,239.48349648195222,6.5557999987504445,895.9431000039331,2836.7367754998736
1787088002,100,,Aggregated,81.200000,0.000000,110,370,450,490,570,630,690,720,820,900,900,4028,0,110,240.68952383321542,6.5557999987504445,895.9431000039331,2822.3202581926516
1787088003,100,,Aggregated,80.700000,0.000000,110,370,450,480,570,630,690,720,820,900,900,4116,0,110,239.78089771627648,6.5557999987504445,895.9431000039331,2820.2580174927116
1787088005,100,,Aggregated,79.800000,0.000000,110,370,440,480,570,620,690,720,820,900,900,4201,0,110,238.7977265413495,6.5557999987504445,895.9431000039331,2813.2542251844798
1787088006,100,,Aggregated,79.700000,0.000000,110,370,450,480,570,620,690,720,820,900,900,4280,0,110,239.60938969631007,6.5557999987504445,895.9431000039331,2808.142523364486
1787088007,100,,Aggregated,79.000000,0.000000,110,380,450,480,570,620,690,720,820,900,900,4359,0,110,240.11712936457323,6.5557999987504445,895.9431000039331,2803.072034870383
1787088008,100,,Aggregated,78.800000,0.000000,110,380,450,490,570,620,690,720,820,900,900,4440,0,110,240.62795569822768,6.5557999987504445,895.9431000039331,2803.5013513513513
1787088009,100,,Aggregated,78.800000,0.000000,110,380,450,490,570,620,690,720,820,900,900,4518,0,110,241.09573348829025,6.5557999987504445,895.9431000039331,2805.512616201859
1787088010,100,,Aggregated,79.200000,0.000000,110,380,450,490,560,620,680,720,820,900,900,4596,0,110,241.2880353133329,6.5557999987504445,895.9431000039331,2811.7626196692777
1787088011,100,,Aggregated,78.800000,0.000000,110,390,460,490,570,630,690,720,820,900,900,4671,0,110,243.3107352387217,6.5557999987504445,895.9431000039331,2805.048811817598
1787088012,100,,Aggregated,78.900000,0.000000,110,390,460,490,580,630,700,730,850,960,960,4753,0,110,244.82559520303917,6.5557999987504445,961.209000000963,2817.215863665054
1787088013,100,,Aggregated,78.800000,0.000000,110,390,460,490,580,630,700,730,850,960,960,4830,0,110,245.39868236026615,6.5557999987504445,961.209000000963,2809.4751552795033
1787088014,100,,Aggregated,79.600000,0.000000,110,390,460,500,580,640,700,730,850,960,960,4914,0,110,246.39266959709258,6.5557999987504445,961.209000000963,2808.2682132682135
1787088015,100,,Aggregated,79.500000,0.000000,110,390,460,500,580,640,700,730,850,960,960,4994,0,110,246.75142348821208,6.5557999987504445,961.209000000963,2803.1127352823387
1787088016,100,,Aggregated,78.800000,0.000000,110,390,460,500,580,630,700,730,840,960,960,5080,0,110,246.00827594490778,6.5557999987504445,961.209000000963,2808.521062992126
1787088017,100,,Aggregated,78.800000,0.000000,110,390,460,500,580,630,690,730,840,960,960,5157,0,110,245.79939784760813,6.5557999987504445,961.209000000963,2799.3374054682954
1787088018,100,,Aggregated,79.400000,0.000000,110,400,460,500,580,630,690,730,840,960,960,5228,0,110,246.3461722264907,6.5557999987504445,961.209000000963,2804.523144605968
1787088019,100,,Aggregated,79.500000,0.000000,110,400,460,500,580,640,710,750,870,990,990,5296,0,110,248.64329063445942,6.5557999987504445,987.0990999988862,2803.7711480362536
1787088020,100,,Aggregated,78.200000,0.000000,110,400,470,500,590,650,720,790,980,1100,1100,5358,0,110,251.37019135872825,6.5557999987504445,1082.4723999976413,2796.6452034341173
1787088021,100,,Aggregated,77.500000,0.000000,110,400,470,500,590,660,760,860,1100,1200,1200,5422,0,110,255.17339055699262,6.5557999987504445,1152.9096000012942,2792.462375507193
1787088022,100,,Aggregated,76.100000,0.000000,110,400,470,510,600,670,810,1000,1200,1300,1300,5480,0,110,259.1701348540159,6.5557999987504445,1322.9919000004884,2792.707299270073
1787088023,100,,Aggregated,74.900000,0.000000,110,400,470,510,600,690,910,1100,1300,1400,1400,5540,0,110,264.2893383573976,6.5557999987504445,1378.512100003718,2788.754332129964
1787088024,100,,Aggregated,72.600000,0.000000,110,400,470,510,610,700,1100,1200,1300,1400,1400,5610,0,110,268.22424880570054,6.5557999987504445,1378.512100003718,2792.252228163993
1787088025,100,,Aggregated,70.900000,0.000000,110,410,480,510,610,720,1100,1200,1300,1400,1400,5673,0,110,272.4579833421372,6.5557999987504445,1378.512100003718,2788.672483694694
1787088026,100,,Aggregated,69.000000,0.000000,110,410,480,520,620,740,1100,1200,1300,1400,1400,5743,0,110,274.9930458296963,6.5557999987504445,1378.512100003718,2790.5495385686922
1787088027,100,,Aggregated,67.800000,0.000000,110,410,480,520,630,780,1100,1200,1300,1400,1400,5811,0,110,277.7439217002149,6.5557999987504445,1378.512100003718,2794.9514713474446
1787088028,100,,Aggregated,66.000000,0.000000,110,410,480,520,640,810,1100,1200,1300,1400,1400,5880,0,110,279.8554396938717,6.5557999987504445,1378.512100003718,2798.861394557823
1787088029,100,,Aggregated,64.900000,0.000000,110,410,490,530,640,840,1100,1200,1300,1400,1400,5949,0,110,282.08016132122367,6.5557999987504445,1378.512100003718,2794.489157841654
1787088030,100,,Aggregated,65.000000,0.000000,110,410,490,530,650,860,1100,1200,1300,1400,1400,6015,0,110,283.97838315875805,6.5557999987504445,1378.512100003718,2792.8912718204488
1787088031,100,,Aggregated,64.800000,0.000000,110,420,490,530,660,890,1100,1200,1300,1400,1400,6089,0,110,286.40732176054564,6.5557999987504445,1378.512100003718,2778.503530957464
1787088032,100,,Aggregated,65.200000,0.000000,110,420,490,540,670,920,1100,1200,1300,1400,1400,6155,0,110,289.283584809089,6.5557999987504445,1378.512100003718,2775.730950446791
1787088033,100,,Aggregated,65.800000,0.000000,110,420,500,540,680,930,1100,1200,1300,1400,1400,6226,0,110,290.8024757950485,6.5557999987504445,1378.512100003718,2777.14471570832
1787088034,100,,Aggregated,66.700000,0.000000,110,420,500,540,690,930,1100,1200,1300,1400,1400,6297,0,110,292.1107128473857,6.5557999987504445,1378.512100003718,2780.1335556614263
1787088035,100,,Aggregated,67.700000,0.000000,110,420,500,550,700,930,1100,1200,1300,1400,1400,6364,0,110,293.9692063167798,6.5557999987504445,1378.512100003718,2778.582652419862
1787088036,100,,Aggregated,68.800000,0.000000,110,430,500,550,720,930,1100,1200,1300,1400,1400,6434,0,110,295.9081512123071,6.5557999987504445,1378.512100003718,2784.9658066521606
1787088037,100,,Aggregated,68.300000,0.000000,110,430,500,550,730,930,1100,1200,1300,1400,1400,6502,0,110,297.10104843124645,6.5557999987504445,1378.512100003718,2787.385419870809
1787088038,100,,Aggregated,68.600000,0.000000,110,430,510,560,750,930,1100,1200,1300,1400,1400,6570,0,110,298.36446266361355,6.5557999987504445,1378.512100003718,2794.340487062405
1787088039,100,,Aggregated,68.600000,0.000000,110,430,510,560,760,940,1100,1200,1300,1400,1400,6635,0,110,299.99070259230297,6.5557999987504445,1378.512100003718,2793.333685003768
1787088040,100,,Aggregated,68.400000,0.000000,110,430,510,560,770,950,1100,1200,1300,1400,1400,6702,0,110,301.98327224707776,6.5557999987504445,1378.512100003718,2791.5632646971053
1787088041,100,,Aggregated,68.100000,0.000000,110,430,510,560,780,960,1100,1200,1300,1400,1400,6769,0,110,304.4875578815093,6.5557999987504445,1378.512100003718,2791.3341704830846
1787088042,100,,Aggregated,67.900000,0.000000,110,430,510,570,800,980,1100,1200,1300,1400,1400,6834,0,110,306.88830440443905,6.5557999987504445,1378.512100003718,2793.4697102721684
1787088043,100,,Aggregated,68.300000,0.000000,110,440,520,570,810,980,1100,1200,1300,1400,1400,6897,0,110,308.5665643178095,6.5557999987504445,1378.512100003718,2793.3923444976076
1787088044,100,,Aggregated,67.900000,0.000000,110,440,520,580,820,990,1100,1200,1300,1400,1400,6968,0,110,310.8769311280051,6.5557999987504445,1378.512100003718,2791.73794489093
1787088045,100,,Aggregated,66.700000,0.000000,110,440,520,580,830,990,1100,1200,1300,1400,1400,7044,0,110,312.50831734808673,6.5557999987504445,1378.512100003718,2793.746166950596
1787088046,100,,Aggregated,66.500000,0.000000,110,440,520,580,830,990,1100,1200,1300,1400,1400,7121,0,110,312.6817691897064,6.5557999987504445,1378.512100003718,2787.2322707484905
1787088047,100,,Aggregated,67.600000,0.000000,110,440,520,580,820,990,1100,1200,1300,1400,1400,7205,0,110,312.01655809853264,6.5557999987504445,1378.512100003718,2786.602081887578
1787088048,100,,Aggregated,68.200000,0.000000,110,440,520,580,820,990,1100,1200,1300,1400,1400,7280,0,110,311.1033242307666,6.5557999987504445,1378.512100003718,2793.063186813187
1787088049,100,,Aggregated,68.900000,0.000000,110,440,520,580,820,990,1100,1200,1300,1400,1400,7354,0,110,310.53258143867225,6.5557999987504445,1378.512100003718,2793.1174870818604
1787088050,100,,Aggregated,70.200000,0.000000,110,440,520,580,820,990,1100,1200,1300,1400,1400,7422,0,110,310.875608852064,6.5557999987504445,1378.512100003718,2792.538399353274
1787088051,100,,Aggregated,70.900000,0.000000,110,440,520,580,820,990,1100,1200,1300,1400,1400,7495,0,110,311.77848425617384,6.5557999987504445,1378.512100003718,2789.0543028685793
1787088052,100,,Aggregated,71.900000,0.000000,110,440,530,590,810,980,1100,1200,1300,1400,1400,7565,0,110,312.25489727693355,6.5557999987504445,1378.512100003718,2784.1263714474553
1787088053,100,,Aggregated,71.700000,0.000000,120,440,530,590,810,980,1100,1200,1300,1400,1400,7633,0,120,313.0458193501914,6.5557999987504445,1378.512100003718,2781.2861260317045
1787088054,100,,Aggregated,72.300000,0.000000,120,440,530,600,810,980,1100,1200,1300,1400,1400,7705,0,120,314.01578273848247,6.5557999987504445,1378.512100003718,2775.873977936405
1787088055,100,,Aggregated,73.100000,0.000000,120,450,540,600,810,980,1100,1200,1300,1400,1400,7785,0,120,314.31325522158136,6.5557999987504445,1378.512100003718,2775.4531791907516
1787088056,100,,Aggregated,73.700000,0.000000,120,450,540,600,810,980,1100,1200,1300,1400,1400,7847,0,120,315.2370107174736,6.5557999987504445,1378.512100003718,2777.042946348923
1787088057,100,,Aggregated,73.600000,0.000000,120,450,540,600,820,980,1100,1200,1300,1400,1400,7916,0,120,316.9945256821652,6.5557999987504445,1378.512100003718,2775.1100303183425
1787088058,100,,Aggregated,72.400000,0.000000,120,450,550,610,830,980,1100,1200,1300,1400,1400,7986,0,120,318.49807127473457,6.5557999987504445,1378.512100003718,2774.2632106185824
1787088059,100,,Aggregated,71.300000,0.000000,120,450,550,610,830,980,1100,1200,1300,1400,1400,8065,0,120,318.9826932052091,6.5557999987504445,1378.512100003718,2780.3062616243024
1787088060,100,,Aggregated,70.600000,0.000000,120,450,550,610,820,970,1100,1200,1300,1400,1400,8148,0,120,318.8333155007347,6.5557999987504445,1378.512100003718,2778.8426607756505
1787088061,100,,Aggregated,70.600000,0.000000,120,450,550,610,820,970,1100,1200,1300,1400,1400,8231,0,120,318.0507059531021,6.5557999987504445,1378.512100003718,2776.1956019924673
1787088062,100,,Aggregated,71.400000,0.000000,120,450,540,610,820,970,1100,1200,1300,1400,1400,8304,0,120,317.4153811777416,6.5557999987504445,1378.512100003718,2773.2744460500962
1787088063,100,,Aggregated,72.600000,0.000000,120,450,540,600,820,970,1100,1200,1300,1400,1400,8386,0,120,316.91716197233137,6.5557999987504445,1378.512100003718,2768.8968518960173
1787088064,100,,Aggregated,73.600000,0.000000,120,450,540,600,820,970,1100,1200,1300,1400,1400,8464,0,120,316.40092357041516,6.5557999987504445,1378.512100003718,2774.8640122873344
1787088065,100,,Aggregated,74.600000,0.000000,120,450,540,600,810,970,1100,1200,1300,1400,1400,8540,0,120,316.6652153864235,6.5557999987504445,1378.512100003718,2773.497306791569
1787088066,100,,Aggregated,75.300000,0.000000,120,450,550,600,810,960,1100,1200,1300,1400,1400,8619,0,120,316.69309610164146,6.5557999987504445,1378.512100003718,2776.816568047337
1787088067,100,,Aggregated,74.900000,0.000000,120,460,540,600,810,960,1100,1200,1300,1400,1400,8697,0,120,316.3674120386355,6.5557999987504445,1378.512100003718,2780.4164654478554
1787088068,100,,Aggregated,76.400000,0.000000,120,450,540,600,800,960,1100,1200,1300,1400,1400,8782,0,120,315.33362656570176,6.5557999987504445,1378.512100003718,2779.546344796174
1787088069,100,,Aggregated,77.900000,0.000000,120,450,540,600,800,960,1100,1200,1300,1400,1400,8864,0,120,314.2549891358294,6.5557999987504445,1378.512100003718,2779.6814079422384
1787088070,100,,Aggregated,78.000000,0.000000,120,450,540,600,800,960,1100,1200,1300,1400,1400,8943,0,120,313.2027441909835,6.5557999987504445,1378.512100003718,2783.847813932685
1787088071,100,,Aggregated,79.300000,0.000000,120,450,540,600,800,960,1100,1200,1300,1400,1400,9013,0,120,313.4880276378545,6.5557999987504445,1378.512100003718,2781.9962276711417
1787088072,100,,Aggregated,79.600000,0.000000,120,450,540,600,790,960,1100,1200,1300,1400,1400,9086,0,120,313.7982012106526,6.5557999987504445,1378.512100003718,2779.2422408100374
1787088073,100,,Aggregated,78.500000,0.000000,120,450,540,600,800,960,1100,1200,1300,1400,1400,9161,0,120,314.56997684750223,6.5557999987504445,1378.512100003718,2778.075428446676
1787088074,100,,Aggregated,77.400000,0.000000,120,450,540,600,790,950,1100,1200,1300,1400,1400,9231,0,120,314.8243019824431,6.5557999987504445,1378.512100003718,2775.131405048207
1787088075,100,,Aggregated,77.900000,0.000000,120,460,540,600,790,950,1100,1200,1300,1400,1400,9298,0,120,315.74600012905427,6.5557999987504445,1378.512100003718,2769.005269950527
1787088076,100,,Aggregated,76.000000,0.000000,120,460,550,610,800,950,1100,1200,1300,1400,1400,9373,0,120,316.7985505067748,6.5557999987504445,1378.512100003718,2761.714605782567
1787088077,100,,Aggregated,75.500000,0.000000,120,460,550,610,800,950,1100,1200,1300,1400,1400,9449,0,120,316.8919140014828,6.5557999987504445,1378.512100003718,2761.5869404169753
1787088078,100,,Aggregated,74.600000,0.000000,120,460,550,610,790,950,1100,1200,1300,1400,1400,9524,0,120,316.98541159176966,6.5557999987504445,1378.512100003718,2758.6440571188577
1787088079,100,,Aggregated,74.700000,0.000000,120,460,550,610,790,950,1100,1200,1300,1400,1400,9586,0,120,317.94585651992793,6.5557999987504445,1378.512100003718,2752.0837679949927
1787088080,100,,Aggregated,74.500000,0.000000,120,460,550,610,800,950,1100,1200,1300,1400,1400,9659,0,120,319.53172168961754,6.5557999987504445,1378.512100003718,2746.7633295372193
1787088081,100,,Aggregated,72.700000,0.000000,120,470,560,620,810,960,1100,1200,1300,1400,1400,9729,0,120,320.8756495939983,6.5557999987504445,1378.512100003718,2746.247507451948
1787088082,100,,Aggregated,70.900000,0.000000,120,470,560,620,800,960,1100,1200,1300,1400,1400,9816,0,120,320.706439343928,6.5557999987504445,1378.512100003718,2751.3497351263245
1787088083,100,,Aggregated,71.200000,0.000000,120,470,550,620,800,960,1100,1200,1300,1400,1400,9898,0,120,319.91342908668247,6.5557999987504445,1378.512100003718,2749.7711658920994
1787088084,100,,Aggregated,72.000000,0.000000,120,460,550,610,800,950,1100,1200,1300,1400,1400,9977,0,120,319.4002472286242,6.5557999987504445,1378.512100003718,2751.8076576125086
1787088085,100,,Aggregated,72.300000,0.000000,120,460,550,610,800,950,1100,1200,1300,1400,1400,10057,0,120,318.9277172417213,6.5557999987504445,1378.512100003718,2749.7248682509694
1787088086,100,,Aggregated,73.200000,0.000000,120,460,550,610,790,950,1100,1200,1300,1400,1400,10145,0,120,317.590910675209,6.5557999987504445,1378.512100003718,2750.4759980285853
1787088087,100,,Aggregated,74.600000,0.000000,120,460,550,610,790,950,1100,1200,1300,1400,1400,10232,0,120,315.9108635457392,6.5557999987504445,1378.512100003718,2749.622068021892
1787088088,100,,Aggregated,76.600000,0.000000,120,460,550,600,790,950,1100,1200,1300,1400,1400,10311,0,120,314.64326841238113,6.5557999987504445,1378.512100003718,2751.542042478906
1787088089,100,,Aggregated,77.000000,0.000000,120,450,540,600,790,950,1100,1200,1300,1400,1400,10386,0,120,314.0769862603542,6.5557999987504445,1378.512100003718,2747.94473329482
1787088090,100,,Aggregated,77.900000,0.000000,120,450,540,600,790,940,1100,1200,1300,1400,1400,10461,0,120,314.04549588949317,6.5557999987504445,1378.512100003718,2748.9585125705
1787088091,100,,Aggregated,78.900000,0.000000,120,450,540,600,780,940,1100,1200,1300,1400,1400,10555,0,120,313.6815637896734,6.5557999987504445,1378.512100003718,2749.204358124112
1787088092,100,,Aggregated,79.500000,0.000000,120,450,540,600,780,940,1100,1200,1300,1400,1400,10644,0,120,312.559407083801,6.5557999987504445,1378.512100003718,2753.301484404359
1787088093,100,,Aggregated,80.200000,0.000000,120,450,540,600,780,940,1100,1200,1300,1400,1400,10724,0,120,311.81684144908536,6.5557999987504445,1378.512100003718,2753.185005594927
1787088094,100,,Aggregated,81.800000,0.000000,120,450,540,600,780,940,1100,1200,1300,1400,1400,10809,0,120,311.1757006383538,6.5557999987504445,1378.512100003718,2758.1644925525025
1787088095,100,,Aggregated,81.700000,0.000000,120,450,540,600,780,930,1100,1200,1300,1400,1400,10888,0,120,310.4970852130778,6.5557999987504445,1378.512100003718,2754.654665686995
1787088096,100,,Aggregated,82.300000,0.000000,120,450,530,590,770,930,1100,1200,1300,1400,1400,10969,0,120,309.90506040659835,6.5557999987504445,1378.512100003718,2756.914486279515
1787088097,100,,Aggregated,82.900000,0.000000,120,450,530,590,770,930,1100,1200,1300,1400,1400,11047,0,120,309.4991759210617,6.5557999987504445,1378.512100003718,2755.483660722368
1787088098,100,,Aggregated,82.100000,0.000000,120,450,530,590,770,930,1100,1200,1300,1400,1400,11130,0,120,309.17275083558013,6.5557999987504445,1378.512100003718,2758.0914645103326
1787088099,100,,Aggregated,81.800000,0.000000,120,450,530,590,770,930,1100,1200,1300,1400,1400,11211,0,120,308.9387815270702,6.5557999987504445,1378.512100003718,2755.949603068415
1787088100,100,,Aggregated,81.800000,0.000000,120,450,530,590,770,930,1100,1200,1300,1400,1400,11292,0,120,308.6611899220671,6.5557999987504445,1378.512100003718,2755.599539496989
1787088101,100,,Aggregated,81.400000,0.000000,120,450,530,590,760,920,1100,1200,1300,1400,1400,11362,0,120,308.420697958104,6.5557999987504445,1378.512100003718,2749.9550255236754
1787088102,100,,Aggregated,82.500000,0.000000,120,450,530,590,760,920,1100,1200,1300,1400,1400,11442,0,120,308.18072322146514,6.5557999987504445,1378.512100003718,2754.08276525083
1787088103,100,,Aggregated,82.200000,0.000000,120,450,530,590,760,920,1100,1200,1300,1400,1400,11517,0,120,308.00899749066707,6.5557999987504445,1378.512100003718,2751.5333854302335
1787088104,100,,Aggregated,80.700000,0.000000,120,450,530,590,760,920,1100,1200,1300,1400,1400,11590,0,120,308.5913844521146,6.5557999987504445,1378.512100003718,2751.2685073339085
1787088105,100,,Aggregated,79.600000,0.000000,120,450,540,590,760,920,1100,1200,1300,1400,1400,11653,0,120,309.24679397579916,6.5557999987504445,1378.512100003718,2749.8538573757833
1787088106,100,,Aggregated,79.000000,0.000000,120,450,540,590,770,920,1100,1200,1300,1400,1400,11726,0,120,310.18145168002684,6.5557999987504445,1378.512100003718,2747.0980726590483
1787088107,100,,Aggregated,77.400000,0.000000,120,450,540,600,770,930,1100,1200,1300,1400,1400,11802,0,120,311.16860712591244,6.5557999987504445,1378.512100003718,2746.204880528724
1787088108,100,,Aggregated,76.000000,0.000000,120,450,540,600,770,920,1100,1200,1300,1400,1400,11877,0,120,311.30356176644233,6.5557999987504445,1378.512100003718,2748.7326766018355
1787088109,100,,Aggregated,75.200000,0.000000,120,450,540,600,770,920,1100,1200,1300,1400,1400,11941,0,120,311.85777244787073,6.5557999987504445,1378.512100003718,2746.2540825726487
1787088110,100,,Aggregated,74.100000,0.000000,120,460,540,600,770,920,1100,1200,1300,1400,1400,12023,0,120,312.5745628711663,6.5557999987504445,1378.512100003718,2748.966979955086
1787088111,100,,Aggregated,73.800000,0.000000,120,460,540,600,770,920,1100,1200,1300,1400,1400,12110,0,120,312.4483753261805,6.5557999987504445,1378.512100003718,2751.44764657308
1787088112,100,,Aggregated,72.900000,0.000000,120,460,540,600,770,920,1100,1200,1300,1400,1400,12187,0,120,311.88506425699876,6.5557999987504445,1378.512100003718,2751.07672109625
1787088113,100,,Aggregated,72.700000,0.000000,120,450,540,600,770,920,1100,1200,1300,1400,1400,12264,0,120,311.3016117335295,6.5557999987504445,1378.512100003718,2754.6737606001307
1787088114,100,,Aggregated,73.600000,0.000000,120,450,540,600,770,920,1100,1200,1300,1400,1400,12336,0,120,311.59827974221866,6.5557999987504445,1378.512100003718,2758.3699740596626
1787088115,100,,Aggregated,74.300000,0.000000,120,460,540,600,770,920,1100,1200,1300,1400,1400,12406,0,120,311.9793733193629,6.5557999987504445,1378.512100003718,2758.679187489924
1787088116,100,,Aggregated,73.600000,0.000000,120,460,540,600,770,920,1100,1200,1300,1400,1400,12482,0,120,312.34270546386745,6.5557999987504445,1378.512100003718,2757.7555680179457
1787088117,100,,Aggregated,74.100000,0.000000,120,460,550,600,780,920,1100,1200,1300,1400,1400,12553,0,120,312.94798182904145,6.5557999987504445,1378.512100003718,2752.3598343025574
1787088118,100,,Aggregated,74.200000,0.000000,120,460,550,610,780,920,1100,1200,1300,1400,1400,12623,0,120,313.30539700546564,6.5557999987504445,1378.512100003718,2751.1755525627823
1787088119,100,,Aggregated,74.400000,0.000000,120,460,550,610,780,920,1100,1200,1300,1400,1400,12702,0,120,313.46181817823907,6.5557999987504445,1378.512100003718,2756.562903479767
1787088120,100,,Aggregated,74.500000,0.000000,120,460,550,610,780,920,1100,1200,1300,1400,1400,12779,0,120,313.614097887155,6.5557999987504445,1378.512100003718,2757.580014085609
1787088121,100,,Aggregated,74.000000,0.000000,120,460,550,610,780,910,1100,1100,1300,1400,1400,12857,0,120,313.4353159290623,6.5557999987504445,1378.512100003718,2756.257602862254
1787088122,100,,Aggregated,75.100000,0.000000,120,460,550,610,780,910,1100,1100,1300,1400,1400,12927,0,120,313.9152938036652,6.5557999987504445,1378.512100003718,2753.574379206312
1787088123,100,,Aggregated,74.700000,0.000000,120,460,550,610,780,910,1100,1100,1300,1400,1400,12996,0,120,314.4942728224047,6.5557999987504445,1378.512100003718,2752.5726377346878
1787088124,100,,Aggregated,73.600000,0.000000,120,460,550,610,780,910,1100,1100,1300,1400,1400,13072,0,120,314.8942378059948,6.5557999987504445,1378.512100003718,2756.9898255813955
1787088125,100,,Aggregated,72.800000,0.000000,120,470,550,610,780,910,1100,1100,1300,1400,1400,13140,0,120,315.38789363013166,6.5557999987504445,1378.512100003718,2752.554870624049
1787088126,100,,Aggregated,72.700000,0.000000,120,470,560,620,780,910,1100,1100,1300,1400,1400,13217,0,120,315.54454461677676,6.5557999987504445,1378.512100003718,2756.6289626995535
1787088127,100,,Aggregated,72.800000,0.000000,120,470,560,620,780,900,1100,1100,1300,1400,1400,13295,0,120,315.6934398796489,6.5557999987504445,1378.512100003718,2756.8736367055285
1787088128,100,,Aggregated,73.300000,0.000000,120,470,560,620,780,900,1100,1100,1300,1400,1400,13370,0,120,315.58562016454533,6.5557999987504445,1378.512100003718,2758.3692595362754
1787088129,100,,Aggregated,73.300000,0.000000,120,470,560,620,780,900,1100,1100,1300,1400,1400,13438,0,120,316.0650972317289,6.5557999987504445,1378.512100003718,2756.8217740735226
1787088130,100,,Aggregated,73.900000,0.000000,120,470,560,620,780,900,1100,1100,1300,1400,1400,13513,0,120,316.4186298453335,6.5557999987504445,1378.512100003718,2756.103751942574
1787088131,100,,Aggregated,74.400000,0.000000,120,470,560,620,780,900,1100,1100,1300,1400,1400,13577,0,120,316.64162701627515,6.5557999987504445,1378.512100003718,2754.533623038963
1787088132,100,,Aggregated,72.400000,0.000000,120,470,560,620,780,910,1100,1100,1300,1400,1400,13643,0,120,317.6854817415497,6.5557999987504445,1378.512100003718,2754.1349409953823
1787088133,100,,Aggregated,72.700000,0.000000,120,470,570,630,790,920,1100,1100,1300,1400,1400,13714,0,120,318.6482292620646,6.5557999987504445,1378.512100003718,2754.177993291527
1787088134,100,,Aggregated,71.400000,0.000000,120,470,570,630,790,920,1100,1100,1300,1400,1400,13774,0,120,319.63462912733814,6.5557999987504445,1378.512100003718,2754.169740090025
1787088135,100,,Aggregated,71.300000,0.000000,120,470,570,630,790,920,1100,1100,1300,1400,1400,13844,0,120,320.3392048107452,6.5557999987504445,1378.512100003718,2755.80287489165
1787088136,100,,Aggregated,71.200000,0.000000,120,470,570,630,790,920,1100,1100,1300,1400,1400,13918,0,120,320.8811943095228,6.5557999987504445,1378.512100003718,2755.3887052737464
1787088137,100,,Aggregated,70.000000,0.000000,120,470,570,630,790,920,1100,1100,1300,1400,1400,14002,0,120,320.8540759677176,6.5557999987504445,1378.512100003718,2752.403942293958
1787088138,100,,Aggregated,69.500000,0.000000,120,470,570,630,790,920,1100,1100,1300,1400,1400,14072,0,120,320.8995923820347,6.5557999987504445,1378.512100003718,2752.000213189312
1787088139,100,,Aggregated,69.700000,0.000000,120,470,570,630,790,920,1100,1100,1300,1400,1400,14147,0,120,321.2491051459665,6.5557999987504445,1378.512100003718,2752.056195659857
1787088140,100,,Aggregated,69.700000,0.000000,120,480,580,630,790,920,1100,1100,1300,1400,1400,14218,0,120,321.3671179842442,6.5557999987504445,1378.512100003718,2751.4682093121396
1787088141,100,,Aggregated,69.700000,0.000000,120,480,580,640,790,920,1100,1100,1300,1400,1400,14292,0,120,321.45118499160515,6.5557999987504445,1378.512100003718,2751.0187517492304
1787088142,100,,Aggregated,71.000000,0.000000,120,480,580,640,790,920,1100,1100,1300,1400,1400,14369,0,120,321.713279316586,6.5557999987504445,1378.512100003718,2748.0803117823093
1787088143,100,,Aggregated,70.600000,0.000000,120,480,580,640,790,920,1100,1100,1300,1400,1400,14440,0,120,321.79673446675883,6.5557999987504445,1378.512100003718,2752.2396121883658
1787088144,100,,Aggregated,71.200000,0.000000,120,480,580,640,790,920,1100,1100,1300,1400,1400,14512,0,120,322.06652290518196,6.5557999987504445,1378.512100003718,2750.7816979051818
1787088145,100,,Aggregated,72.200000,0.000000,120,480,580,640,790,920,1100,1100,1300,1400,1400,14581,0,120,322.5840238735361,6.5557999987504445,1378.512100003718,2750.523077978191
1787088146,100,,Aggregated,72.200000,0.000000,120,480,580,640,790,920,1100,1100,1300,1400,1400,14649,0,120,322.9242118506391,6.5557999987504445,1378.512100003718,2753.7580039593145
1787088147,100,,Aggregated,73.300000,0.000000,120,480,580,640,800,920,1100,1100,1300,1400,1400,14717,0,120,323.78317591221116,6.5557999987504445,1378.512100003718,2756.9781205408713
1787088148,100,,Aggregated,73.100000,0.000000,120,480,580,650,800,920,1100,1100,1300,1400,1400,14786,0,120,324.40698940213673,6.5557999987504445,1378.512100003718,2756.0216420938727
1787088149,100,,Aggregated,72.600000,0.000000,120,480,580,650,800,930,1100,1100,1300,1400,1400,14841,0,120,324.918010033015,6.5557999987504445,1378.512100003718,2759.284280035038
1787088150,100,,Aggregated,71.200000,0.000000,120,480,590,650,810,930,1100,1200,1300,1500,1500,14898,0,120,326.3404665391289,6.5557999987504445,1473.6449999982142,2760.3488387703046
1787088151,100,,Aggregated,70.800000,0.000000,120,480,590,650,810,940,1100,1200,1400,1500,1600,14960,0,120,327.97073537432726,6.5557999987504445,1560.8512000035262,2763.214037433155
1787088152,100,,Aggregated,68.500000,0.000000,120,490,590,650,820,950,1100,1200,1500,1600,1600,15023,0,120,329.8788276908681,6.5557999987504445,1567.0399000009638,2760.7348731944353
1787088153,100,,Aggregated,67.300000,0.000000,120,490,590,650,820,960,1100,1200,1500,1600,1600,15093,0,120,330.5545506592422,6.5557999987504445,1567.0399000009638,2764.121579540184
1787088154,100,,Aggregated,66.400000,0.000000,120,490,590,650,820,960,1100,1200,1500,1600,1600,15167,0,120,330.99223077734285,6.5557999987504445,1567.0399000009638,2763.6396123162126
1787088155,100,,Aggregated,64.900000,0.000000,120,490,590,660,820,960,1100,1200,1500,1600,1600,15236,0,120,331.2170148267223,6.5557999987504445,1567.0399000009638,2759.478340771856
1787088156,100,,Aggregated,65.100000,0.000000,120,490,590,660,820,950,1100,1200,1500,1600,1600,15303,0,120,331.4729212964718,6.5557999987504445,1567.0399000009638,2759.5048683264718
1787088158,100,,Aggregated,65.400000,0.000000,120,490,590,660,820,950,1100,1200,1500,1600,1600,15366,0,120,332.2152019718806,6.5557999987504445,1567.0399000009638,2757.72289470259
1787088159,100,,Aggregated,64.800000,0.000000,120,490,600,660,830,960,1100,1200,1500,1600,1600,15432,0,120,333.1521381220779,6.5557999987504445,1567.0399000009638,2756.7277086573354
1787088160,100,,Aggregated,64.700000,0.000000,120,490,600,660,830,960,1100,1200,1500,1600,1600,15508,0,120,333.62101533401705,6.5557999987504445,1567.0399000009638,2754.688805777663
1787088161,100,,Aggregated,64.400000,0.000000,120,490,600,660,830,960,1100,1200,1500,1600,1600,15585,0,120,333.59155278793367,6.5557999987504445,1567.0399000009638,2751.9512351620147
1787088162,100,,Aggregated,66.500000,0.000000,120,490,600,660,830,960,1100,1200,1500,1600,1600,15661,0,120,333.2567008811671,6.5557999987504445,1567.0399000009638,2754.951727220484
1787088163,100,,Aggregated,67.900000,0.000000,120,490,600,660,830,960,1100,1200,1500,1600,1600,15739,0,120,332.94699013278745,6.5557999987504445,1567.0399000009638,2759.4566363809645
1787088164,100,,Aggregated,69.500000,0.000000,120,490,600,660,820,960,1100,1200,1500,1600,1600,15806,0,120,332.7454816082452,6.5557999987504445,1567.0399000009638,2758.8263317727447
1787088165,100,,Aggregated,70.900000,0.000000,120,490,600,660,830,960,1100,1200,1500,1600,1600,15864,0,120,333.2518219742748,6.5557999987504445,1567.0399000009638,2758.473587997983
1787088166,100,,Aggregated,70.800000,0.000000,120,490,600,660,830,960,1100,1200,1500,1600,1600,15936,0,120,334.1302790537108,6.5557999987504445,1567.0399000009638,2759.67250251004
1787088167,100,,Aggregated,69.100000,0.000000,120,490,600,660,830,960,1100,1200,1500,1600,1600,16010,0,120,334.6265782510858,6.5557999987504445,1567.0399000009638,2759.2973766396003
1787088168,100,,Aggregated,69.600000,0.000000,120,490,600,660,830,960,1100,1200,1500,1600,1600,16088,0,120,334.8516188836321,6.5557999987504445,1567.0399000009638,2761.903903530582
1787088169,100,,Aggregated,70.100000,0.000000,120,490,600,660,830,960,1100,1200,1500,1600,1600,16161,0,120,334.8075484375873,6.5557999987504445,1567.0399000009638,2762.229626879525
1787088170,100,,Aggregated,71.400000,0.000000,120,500,600,660,830,960,1100,1200,1500,1600,1600,16229,0,120,334.88898443526233,6.5557999987504445,1567.0399000009638,2760.930741265636
1787088171,100,,Aggregated,72.500000,0.000000,120,500,600,660,830,960,1100,1200,1500,1600,1600,16297,0,120,335.22399677854224,6.5557999987504445,1567.0399000009638,2761.4222863103637
1787088172,100,,Aggregated,71.600000,0.000000,120,500,600,670,830,960,1100,1200,1500,1600,1600,16371,0,120,335.84177374014496,6.5557999987504445,1567.0399000009638,2759.2391423859262
1787088173,100,,Aggregated,71.200000,0.000000,120,500,610,670,830,960,1100,1200,1500,1600,1600,16449,0,120,336.1819284150969,6.5557999987504445,1567.0399000009638,2758.254179585385
1787088174,100,,Aggregated,70.600000,0.000000,120,500,600,670,830,960,1100,1200,1500,1600,1600,16529,0,120,335.77097701009825,6.5557999987504445,1567.0399000009638,2756.410793151431
1787088175,100,,Aggregated,70.800000,0.000000,120,500,600,660,830,960,1100,1200,1500,1600,1600,16602,0,120,335.5224710095125,6.5557999987504445,1567.0399000009638,2756.788338754367
1787088176,100,,Aggregated,72.000000,0.000000,120,500,600,660,830,960,1100,1200,1500,1600,1600,16675,0,120,335.560360425781,6.5557999987504445,1567.0399000009638,2755.998020989505
1787088177,100,,Aggregated,73.500000,0.000000,120,500,600,660,830,960,1100,1200,1500,1600,1600,16749,0,120,335.56839672815545,6.5557999987504445,1567.0399000009638,2756.1678906203356
1787088178,100,,Aggregated,73.300000,0.000000,120,500,600,670,830,960,1100,1200,1500,1600,1600,16810,0,120,335.7521082748288,6.5557999987504445,1567.0399000009638,2759.3814396192743
1787088179,100,,Aggregated,73.100000,0.000000,120,500,600,670,830,960,1100,1200,1500,1600,1600,16875,0,120,336.55265844740126,6.5557999987504445,1567.0399000009638,2755.7411555555555
1787088180,100,,Aggregated,72.600000,0.000000,120,500,610,670,840,960,1100,1200,1500,1600,1600,16946,0,120,337.3649970848492,6.5557999987504445,1567.0399000009638,2755.247669066446
1787088181,100,,Aggregated,71.100000,0.000000,120,500,610,670,840,960,1100,1200,1400,1600,1600,17017,0,120,338.03463993064975,6.5557999987504445,1567.0399000009638,2755.9197860962568
1787088182,100,,Aggregated,71.100000,0.000000,120,500,610,670,840,960,1100,1200,1400,1600,1600,17093,0,120,338.2574014391786,6.5557999987504445,1567.0399000009638,2751.8771426899903
1787088183,100,,Aggregated,71.000000,0.000000,120,500,610,670,840,960,1100,1200,1400,1600,1600,17166,0,120,338.1601723697936,6.5557999987504445,1567.0399000009638,2753.925433997437
1787088184,100,,Aggregated,71.500000,0.000000,120,500,610,670,840,960,1100,1200,1400,1600,1600,17240,0,120,337.912096873543,6.5557999987504445,1567.0399000009638,2753.582656612529
1787088185,100,,Aggregated,70.900000,0.000000,120,500,610,670,830,950,1100,1200,1400,1600,1600,17316,0,120,337.8251472915157,6.5557999987504445,1567.0399000009638,2751.2510395010395
1787088186,100,,Aggregated,70.700000,0.000000,130,500,610,670,840,950,1100,1200,1400,1600,1600,17366,0,130,338.05701550730544,6.5557999987504445,1567.0399000009638,2753.6638258666358
1787088187,100,,Aggregated,70.300000,0.000000,130,500,610,670,840,960,1100,1200,1500,2300,2300,17422,0,130,339.64192752840495,6.5557999987504445,2307.452300003206,2756.3575938468603
